Category,Website Name,URL
Federal Government,"GrantConnect (Main Portal)",https://www.grants.gov.au
Federal Government,"National Health and Medical Research Council (NHMRC)",https://www.nhmrc.gov.au
Federal Government,"Medical Research Future Fund (MRFF)",https://www.health.gov.au/mrff
Federal Government,"Australian Research Council (ARC)",https://www.arc.gov.au
Federal Government,"business.gov.au (CRC & CRC-P Grants)",https://www.business.gov.au
State Government,"NSW Health & Medical Research",https://www.medicalresearch.nsw.gov.au
State Government,"LaunchVic (Victoria)",https://launchvic.org
State Government,"Advance Queensland",https://advance.qld.gov.au
Philanthropic,"The Ian Potter Foundation",https://www.ianpotter.org.au
Philanthropic,"Perpetual Philanthropic Services",https://www.perpetual.com.au
Philanthropic,"Minderoo Foundation",https://www.minderoo.org
Philanthropic,"Paul Ramsay Foundation",https://www.paulramsayfoundation.org.au
Philanthropic,"The Heart Foundation",https://www.heartfoundation.org.au
Educational & Aggregator,"Pivot-RP (via your university)",https://pivot.proquest.com
Educational & Aggregator,"University Research Offices (Internal Portal)","(Access via your own institution's portal)"
Industry & Private Sector,"Digital Health CRC",https://www.digitalhealthcrc.com
Industry & Private Sector,"CSIRO (Partnerships)",https://www.csiro.au
Industry & Private Sector,"Google Research (Programs)",https://research.google/programs-and-events
Industry & Private Sector,"Microsoft for Nonprofits (Cloud Grants)",https://nonprofits.microsoft.com
Industry & Private Sector,"ANDHealth (Commercialisation Hub)",https://andhealth.com.au